ID,Domain,Price,Estibot Value,Potential SaaS Idea,Target Audience,Usage Frequency,Monetization Model,Competitor Analysis
1,bizideas.ai,2999,3500,Business idea generator and evaluator using AI insights,"Entrepreneurs, startups, business consultants",Daily or multiple times per week for brainstorming new business ideas,Monthly subscription or freemium,"Competitors: Other idea generators like Ideanote, Features: AI-enhanced suggestions"
2,canned.ai,1999,2500,"Pre-written responses and templates for customer support, marketing, or PR","Customer support teams, marketers, PR agencies",Daily for automating responses and communications,Freemium with paid premium templates,"Competitors: Zendesk, Features: Pre-built templates, AI chat"
3,chained.ai,3999,4500,Blockchain and smart contract management tool for businesses,"Businesses using blockchain, developers, legal teams",Weekly or as needed for contract and blockchain management,Monthly subscription for contract management,"Competitors: ConsenSys, OpenLaw, Features: AI smart contract automation"
4,chapters.ai,2499,3000,"AI-driven story writing or content creation, breaking down into chapters","Authors, content creators, publishers",Daily for content creation and writing support,Freemium with paid advanced tools for writers,"Competitors: Grammarly, Scrivener, Features: AI chapter suggestions"
5,dosage.ai,2999,3200,AI-based medication reminder and dosage tracker for individuals or caregivers,"Patients, caregivers, healthcare providers",Daily for health management and reminders,Monthly subscription or freemium,"Competitors: Medisafe, Features: Personalized dosage tracking"
6,haikus.ai,1999,2700,Haiku generator or poetry writing assistant with daily writing prompts,"Poets, writers, literary enthusiasts",Daily for writing prompts and creative exercises,Freemium with paid personalization features,"Competitors: None, Unique niche for haikus"
7,jugaadology.com,1999,2600,Innovative problem-solving platform for startups using 'jugaad' (frugal innovation) principles,"Startups, innovators, problem-solvers",Weekly for problem-solving challenges and resources,Monthly subscription with a community platform,"Competitors: Innovation platforms, Features: Jugaad methodology focus"
8,livingoptimal.com,2499,3000,"Personalized daily optimization tips for healthy living, fitness, or productivity","Health-conscious individuals, productivity enthusiasts",Daily for optimization tips and habit-building,Freemium with premium health tracking features,"Competitors: MyFitnessPal, Features: Personalized daily optimization tips"
9,magic.reviews,2999,3200,AI-powered review generator or product/service review aggregator,"Consumers, product reviewers, businesses seeking feedback",Daily for review aggregation and generation,Freemium with paid insights and analysis,"Competitors: Trustpilot, Features: AI review generation"
10,mgmt.ai,3999,4500,AI-driven project and team management system,"Project managers, team leaders, business executives",Daily or multiple times per week for project management,Monthly subscription for teams or projects,"Competitors: Asana, Features: AI-driven task delegation"
11,morphme.ai,3499,4000,"AI-powered personal transformation tool (fitness, habits, personality)","Individuals seeking personal growth, wellness enthusiasts",Daily for tracking personal growth and transformation,Freemium with paid transformation programs,"Competitors: HabitBull, Features: AI-powered transformation"
12,m-y.ai,2999,3500,Daily mindset and wellness guidance using AI-driven insights,"Mindfulness practitioners, life coaches",Daily for mindset and mental well-being guidance,Freemium with personalized mindfulness content,"Competitors: Calm, Features: AI-driven mindset tips"
13,open-research.ai,4500,5000,AI-driven academic or market research aggregator and analyzer,"Academics, researchers, analysts",Weekly or as needed for research analysis,Freemium with advanced research features,"Competitors: Google Scholar, Features: AI research aggregation"
14,playfair.ai,1999,2600,AI-based tool for brainstorming game theory solutions for real-world problems,"Economists, strategists, consultants",Weekly for game theory applications and brainstorming,Monthly subscription for advanced simulations,"Competitors: N/A, Features: Game theory-based solutions"
15,productnamer.ai,2999,3400,AI-driven product name generator based on niche industry keywords,"Product developers, marketers, startups",Daily or weekly for naming new products,Freemium with paid advanced naming tools,"Competitors: Namelix, Features: AI product name suggestions"
16,promptgallery.ai,2499,2900,"Curated gallery of creative prompts for writing, design, and marketing professionals","Writers, designers, creative professionals",Daily for creative inspiration and brainstorming,Freemium with paid creative galleries,"Competitors: Pinterest, Features: Curated creative prompts"
17,rootnerd.com,2999,3600,AI-based coding assistance and root cause analysis tool for developers,"Software developers, IT teams",Weekly or as needed for debugging and code improvement,Freemium with premium debugging tools,"Competitors: GitHub Copilot, Features: AI-driven debugging"
18,stockify.ai,2999,3300,"AI-powered stock analysis, portfolio management, and trading assistant","Stock traders, investors, financial advisors",Daily for stock tracking and portfolio management,Monthly subscription for traders and investors,"Competitors: Robinhood, Features: AI portfolio analysis"
19,surveymoney.io,2999,3200,AI-based survey creation and results analysis platform,"Survey creators, market researchers, HR teams",Weekly for survey creation and analysis,Freemium with paid survey analysis tools,"Competitors: SurveyMonkey, Features: AI results analysis"
20,uofceo.com,2999,3500,AI-driven CEO skill-building and management simulation training,"CEOs, business leaders, executive coaches",Weekly for skill-building and business management,Monthly subscription for CEO training,"Competitors: CEO learning platforms, Features: AI-simulated challenges"
21,vrsys.ai,3999,4500,VR-based AI system for immersive training or product demos,"VR enthusiasts, trainers, sales teams",Weekly for immersive training or demos,Freemium with paid VR modules,"Competitors: Virbela, Features: VR simulations"
22,whatshouldidowithmymoney.com,4500,5000,AI-driven financial advisory platform for personal wealth management,"Individuals managing wealth, financial advisors",Daily or weekly for financial management and advice,Monthly subscription for premium financial advice,"Competitors: Mint, Features: AI-driven financial analysis"
23,appropriate.ai,2499,3100,AI-based ethical decision-making tool for companies or individuals,"Ethicists, business consultants, compliance officers",Weekly for ethical decision-making tools,Monthly subscription for premium ethical decision-making frameworks,"Competitors: Compliance platforms, Features: AI ethical suggestions"
